Test_ID,Actual_Label,Predicted_Label,Match
0,0,0,YES
1,1,0,NO
2,0,0,YES
3,1,1,YES
4,1,0,NO
5,1,1,YES
6,0,0,YES
7,0,0,YES
8,1,0,NO
9,0,0,YES
10,1,1,YES
11,0,0,YES
12,0,0,YES
13,1,0,NO
14,0,1,NO
15,0,0,YES
16,0,0,YES
17,1,1,YES
18,0,0,YES
19,0,0,YES
20,1,0,NO
21,1,1,YES
22,0,0,YES
23,0,0,YES
24,1,0,NO
25,1,0,NO
26,0,0,YES
27,0,0,YES
28,0,0,YES
29,0,0,YES
30,1,0,NO
31,1,1,YES
32,0,0,YES
33,0,0,YES
34,1,1,YES
35,1,1,YES
36,0,0,YES
37,0,1,NO
38,0,0,YES
39,0,0,YES
40,0,0,YES
41,0,0,YES
42,0,1,NO
43,0,0,YES
44,0,0,YES
45,0,0,YES
46,1,0,NO
47,1,0,NO
48,1,0,NO
49,0,1,NO
50,0,0,YES
51,0,0,YES
52,1,0,NO
53,0,0,YES
54,0,0,YES
55,0,1,NO
56,1,1,YES
57,0,0,YES
58,0,1,NO
59,1,0,NO
60,1,0,NO
61,1,1,YES
62,0,1,NO
63,0,0,YES
64,0,0,YES
65,1,1,YES
66,1,0,NO
67,1,0,NO
68,0,0,YES
69,0,0,YES
70,1,1,YES
71,0,0,YES
72,0,0,YES
73,1,0,NO
74,1,1,YES
75,0,1,NO
76,0,1,NO
77,0,0,YES
78,0,0,YES
79,0,1,NO
80,0,0,YES
81,1,1,YES
82,0,0,YES
83,1,1,YES
84,0,0,YES
85,1,1,YES
86,0,1,NO
87,0,0,YES
88,0,0,YES
89,0,1,NO
90,0,0,YES
91,0,0,YES
92,1,1,YES
93,0,0,YES
94,0,0,YES
95,1,1,YES
96,0,0,YES
97,0,0,YES
98,1,0,NO
99,0,0,YES
100,0,1,NO
101,0,0,YES
102,0,1,NO
103,1,1,YES
104,1,1,YES
105,0,0,YES
106,0,0,YES
107,1,0,NO
108,0,0,YES
109,0,0,YES
110,0,0,YES
111,0,0,YES
112,1,0,NO
113,1,1,YES
114,0,0,YES
115,0,0,YES
116,1,0,NO
117,0,0,YES
118,0,0,YES
119,1,0,NO
120,1,0,NO
121,1,1,YES
122,0,0,YES
123,0,0,YES
124,1,1,YES
125,0,1,NO
126,0,0,YES
127,0,0,YES
128,0,0,YES
129,0,0,YES
130,0,0,YES
131,0,0,YES
132,0,0,YES
133,0,1,NO
134,1,1,YES
135,0,0,YES
136,0,0,YES
137,0,1,NO
138,0,0,YES
139,0,0,YES
140,1,0,NO
141,0,0,YES
142,0,0,YES
143,0,1,NO
144,0,0,YES
145,1,1,YES
146,0,0,YES
147,0,1,NO
148,0,1,NO
149,0,0,YES
150,1,0,NO
151,1,0,NO
152,1,0,NO
153,0,0,YES
